text,sentiment
"@anystallion @jonxstt e mesmo assim, os solos da anitta tem mais streams que os da megan",Positive
"Queria ter uma amg q nem a Anitta q paga todo o role pros amigos leva pras viagens, sonho",Positive
@itaniitta igual anitta nunca serÃ¡ karol g ou rosalia  https://t.co/saNPCJt9T4,Positive
"@Rafaelnirrer @worldgyeom @iBlogueirinha rlx cara, a Anitta nem sabe que tu existe, ela nÃ£o vai ser tua amiga",Negative
"@selenapuzzy @homem_meiobicha @envxlver @isissw1ft @forumpandlr vocÃªs vivem se metendo nas publicaÃ§Ãµes da Anitta, nada mais justo.",Positive
"@MayorAnitta falando de escoro sendo fÃ£ da anitta, sendo assim anitta era pra tÃ¡ estÃ¡vel com +40m de tantos escoros que a coitada jÃ¡ tentou https://t.co/GOKq7PFkhY",Negative
amo as antigas da Anitta,Positive
@forumpandlr Anitta vocÃª Ã© luz Ã© vai brilhar muito e muito pelo mundo,Positive
Anitta smp dando palco pra gnt lixo,Negative
@vaguinitto A mÃºsica tÃ¡ hitando em algum lugar?,Negative
"simplesmente sem acreditar que kayke rejeitou uma sugestÃ£o de mÃºsica e solta um ""nÃ£o! EU quero ouvir mais+++ anitta!"" 

venci",Positive
Se a Anitta lanÃ§asse um feat com a melody ia quebrar a internet,Positive
@QGdoPOP O medo de perder os 15 minutos de fama q a Anitta deu https://t.co/9L037LVjh7,Negative
"@homem_meiobicha @selenapuzzy @envxlver @isissw1ft @forumpandlr uÃ©, crucificar a anitta por algo que foge do controle dela, pode. 
e da taylor nÃ£o? kkkkkkkkk",Positive
@AcessoAnittaR @freddepalma @Anitta Eu sempre ouÃ§o. Amo amo,Positive
@forumpandlr Jaja val atacar a anitta por isso,Positive
@iBlogueirinha @iBlogueirinha Ã© verdade que a @Anitta plagiou zug zug?,Negative
@VanderleyVirna o story dela no insta. Virou feminaze chata e achar q pode controlar pÃ¡ginas de fofocaâ€¦ Nem a Anitta consegue. Nessa indÃºstria ou vc vira refÃ©m ou vc vive sua vida.,Negative
@furacaodacpi123 @julinhafuracaoo Ta cm cara de Photoshop,Negative
"@cgr_077 @choquei pois entÃ£o, tem que expor mesmo",Negative
"@ludsessiion @dxvsbey NÃ£o, preferimos anitta msm https://t.co/j6sR3beAhq",Positive
@selenapuzzy @homem_meiobicha @envxlver @isissw1ft @forumpandlr assim como a anitta nÃ£o tem por conta do modelo do clipe ğŸ¤·ğŸ»â€â™‚ï¸,Negative
@pupokka__ Amg tu tem um fogo de trÃªs chloe e cinco anitta,Negative
@siteptbr a anitta eh pior no off pt,Negative
Gente a voz da Anitta Ã© Ãºnica nÃ©? Ã‰ tÃ£o boa de ouvirğŸ¥º,Positive
@S2tavio Eu tÃ´ morrendo kkkkkkkkkk foi bug,Negative
tbm q que tÃ¡ indo mandar eae pra danÃ§arino de clip de anitta tantas coisas legais o fazer no tempo livre ler uma carta de tarÃ´ bater um suco de limÃ£o e couve bater uma punheta,Negative
"@siteptbr Fama passageiraâ€¦ Pd passar jÃ¡ 
A Anitta levanta cada escroto aff
Tem cara de viado sim ğŸ‘ğŸ»",Negative
"o quÃ£o lgbt cult br ğŸ‡§ğŸ‡· vocÃª Ã©?

Alcione âœ…
Anitta âœ…
Ludmilla âœ…
Claudia Leitte âœ…(escuto em off)
Daniela Mercury âŒ
Margareth Menezes âŒ
Ivete Sangalo  âœ…
ZÃ©lia Duncan âŒï¸
Ana Carolina âœ…
IZA âœ…
Pabllo Vittar âœ…ï¸
Sandy âŒ
GlÃ³ria Grooveâœ…
BethÃ¢nia âœ…
Gal Costa âŒï¸
Joelma âœ…",Positive
@anystallion @jonxstt a megan sustentando ps ouvintes pelos feats,Negative
@lipexanitta @alfonsolacruzz @Anitta Isso ficou mto bom,Positive
"@homem_meiobicha @selenapuzzy @envxlver @isissw1ft @forumpandlr quem estÃ¡ criticando Ã© um fÃ£ da taylor, se a fav de vocÃªs nÃ£o Ã© exemplo n tem o por quÃª de crucificar a Anitta.",Positive
"@jonxstt os ouvintes da megan sÃ³ estÃ£o ai, por causa dos feats (escoros) que ela tem https://t.co/EwDM74ReCf",Negative
"@QGdoPOP Um homofÃ³bico de merda. SÃ³ tÃ¡ pedindo desculpas pq tÃ¡ ""famosinho"". Tonto Ã© quem fica dando biscoito pra gente assim. A Ãºnica coisa que tem pra oferecer Ã© dar o p4u pra Anitta chupar.",Negative
@pgwking Nem posso insultar o Anitta pq no susi a situaÃ§Ã£o Ã© duas vezes pior ğŸ’”ğŸ’”,Positive
"@outyeju @mahbbrnd @leavemelon3ly Perdeu o que ? Kkkkk acorda, tu Ã© desconhecido atÃ© no teu bairro e vem querer falar da Anitta? Kkkkkkk acorda viado desempregado",Positive
@envolxver @selenapuzzy @envxlver @isissw1ft @forumpandlr Quer condenar a Taylor por um rolo que nÃ£o durou nem 2 semanas msm sendo fÃ£ da Anitta q mantÃ©m amizade com um agressor que foi condenado por violÃªncia domÃ©stica?,Negative
mais internacional que a anitta https://t.co/GT3EYGHNtq,Negative
"@jonxstt fala de hit solo joninha, e quando lanÃ§ar sabemos que vai flopar! e olha que nem falei do Ãºltimo Ã¡lbum dela fracasso total https://t.co/4IGOi6J5Mc",Negative
Todo mundo que faz feat com a Anitta assim,Positive
Meu Deus Ã© essa chuva aqui em Recife que nÃ£o para meu pai. Meu quarto jÃ¡ jÃ¡ vira uma Lagoa de tanta pingueira ğŸ˜©,Negative
@QGdoPOP A Anitta paga tanto de desconstruÃ­da mas sÃ³ dÃ¡ palco pra homofo****,Negative
@choquei Culpa da Anitta chÃ´,Negative
@Rafaelnirrer @CryptoGat0 @iBlogueirinha tinha que ser fÃ£ da anitta com qi igual a 0,Negative
"@tarc1linda Ih, duvido. MÃ³ cara de quem gosta de barbudo",Negative
Eu ja  to ficando ate zonza com o hater que a Anitta ta  leevando. Olha... Cade  os demonitters ?!,Positive
"@caiox25 @isissw1ft @forumpandlr se for por isso sou mais que vocÃª jÃ¡ que aclamo nÃ£o sÃ³ ela, como atÃ© outras artistas, anitta out",Positive
@AnittaCrave Foi ele que falou que se ganhasse a copa queria a Anitta como trofÃ©u?,Negative
ouvir as mÃºsicas antigas da anitta me deixa com um ego de outro mundo,Positive
O lacruz virou meu fav e de cara assim se tiver feat com a anitta vai ser tudo p mim,Positive
a fala sÃ©rio a gente tava muito capa Ã¡lbum da Anitta aqui https://t.co/QJZiU6QWqE,Positive
@pallomatamirys @Anitta mds ficou mto perfeitaaa,Positive
SÃ³ eu e o motorista https://t.co/PSRYif3qmk,Negative
"@taylorbocats @eittanitta Disse o fÃ£ encubado, vc fala mais da Anitta do que da corcunda de notre dame, da um tempo gay obcecado",Positive
@alfonsolacruzz Brasillllll ğŸ‡§ğŸ‡·ğŸ’™âœ¨ï¸,Positive
Queria um duo ou um trio pra subir esse elo maldito pqp,Negative
"ğŸš¨AGORA: Yuri Meirelles, modelo do clipe de â€˜Funk Raveâ€™, de Anitta, respondeu a polÃªmica do print vazado. 

â€œIsso aÃ­ foi hÃ¡ muito tempo atrÃ¡s, depois de eu ter recebido um nud3 absurdo. Quem me conhece sabe da minha Ã­ndole â¤ï¸.â€ https://t.co/YtJILa9pfD",Negative
@Gigi23gigi2023 @natiette @bh_anitta KKKKKKKKKKKKKKKKKKKKKKKK vocÃªs sÃ£o muito engraÃ§ados vey,Positive
@choquei Ã‰ pra esse tipo de cara que a @Anitta dÃ¡ moral kkkkkk acho Ã© pouco que essa mÃºsica tÃ¡ flopada,Negative
"A Anitta deve ter ego ferido com a karol g atÃ© hoje porque ela recusou downtown, oque eu acho infantil pq a karol serviria em um funk melhor do que a rosalia que fica fazendo desfeita delaâ€¦",Negative
@rdalponttt @Limmirio Minha cantoras favoritas sÃ£o MC pipokinha Anitta MC Mirella MC LomağŸ˜ğŸ˜˜ğŸ˜˜ğŸ˜˜ğŸ¥°ğŸ¥°ğŸ¥°ğŸ¥°ğŸ¥°ğŸ¥°ğŸ¥°ğŸ¥°ğŸ¥°ğŸ¤£ğŸ¤£ğŸ¤£ğŸ¤£ğŸ¤£ğŸ¤£ğŸ¥°ğŸ¥°ğŸ¥°ğŸ˜‚ğŸ˜‚ğŸ˜‚ğŸ”ğŸ”ğŸ¤¨ğŸ˜ğŸ¤£ğŸ’€ğŸ’€ğŸ˜ğŸ˜,Positive
oq podemos esperar de quem encosta a boca na anitta,Negative
E as gay babando em mais um padrÃ£o homofÃ³bicoâ€¦ sÃ³ podia ser amigo da Anitta msm ğŸ˜€,Negative
@gabita_gabs Meu Deus esse parece o outfit da Anitta tbm ğŸ˜¶ğŸ˜¶ğŸ˜¶ğŸ˜¶ğŸ˜¶ğŸ˜¶ğŸ˜¶ğŸ˜¶,Negative
@forumpandlr @Anitta corre aqui. JÃ¡ jÃ¡ ela substitui o boy do clipe. ğŸ˜‚ğŸ˜‚ğŸ˜‚ğŸ˜‚ğŸ˜‚ğŸ˜‚ğŸ˜‚ğŸ˜‚ğŸ˜‚ğŸ˜‚ğŸ˜‚ğŸ˜‚,Negative
@ConexaoAnitta @Anitta @QGdaAnitta se tiver vÃ­deos da produÃ§Ã£o do Ã¡lbum. Posta pra gente depois ? ğŸ¥²,Positive
@siteptbr eh esse o tipo de gente que a anitta gosta de se envolver,Negative
"@choquei O cara ainda se acha o famosinho sÃ³ porque gravou um clipe com a anitta, PQP! KKKKKKKKKKKKKKKKKKKKK",Negative
sÃ³ a anitta mesmo pra dar fama pra alguÃ©m assim,Negative
@caiox25 @sweetenerp4tt @alfonsolacruzz @Anitta Macetou em mo,Positive
@forumpandlr Culpa dos fÃ£s da Anitta que deu palco pra hÃ©tero top escroto,Negative
@helkyx escuta anitta https://t.co/I0F8mlVwDk,Positive
"@siteptbr Oxen, e qual a novidade Anitta chamava Pablo de ""trava"" nos audioa ""vazados""",Negative
Verdade mesmo sempre falei! Xuxa maior ato internacional BR depois Anitta,Positive
@joaofigueiredof inspiraÃ§Ã£o da anitta kakakak,Positive
@falsocaio SÃ³ para os conservadores de famÃ­lia e que preservam os costumes e falam mal da Anitta...,Negative
@siteptbr Anitta jogou ele no vespeiro de gay sem noÃ§Ã£o e o cara deve tÃ¡ puto com as mensagens pedindo nude e o caralho a 4,Negative
"funk rave tÃ¡ consumindo minha mente 
valeu por tudo anitta",Positive
"isso aÃ­ anitta, vocÃª sempre dando palco p esses tipos de homem",Negative
esse jurou mto q ia fazer clipe com a anitta e nÃ£o ia receber cantada de homem viu acorda filho,Negative
@TheCoelhoArt1 E a Anitta n faz nada,Negative
@forumpandlr Enquanto a Anitta Ã© inspiraÃ§Ã£o para os vÃ­deos da Reality Kings panceta,Positive
@siteptbr como sempre a anitta escolhendo  os piores https://t.co/Lhna5QI1jR,Negative
@pallomatamirys Cantora Anitta gasta milhÃµes para ficar parecida com blogueira Palloma,Negative
@muitohumildee Sua namorada ta solteira? Ou fazem trisal?,Negative
@AcessoAnittaR @freddepalma @Anitta adorooo essas,Positive
@choquei O pessoal botando a culpa na Anitta jÃ¡ jÃ¡ https://t.co/FCeIPTheyM,Negative
@forumpandlr Mas ai Ã© old nÃ© Pan? Todo mundo que anda com a Anitta Ã© criminoso https://t.co/kMAB26sTxp,Negative
"@poxawiu @mateusrodry .@anitta queremos seu apoio

 https://t.co/5nO34uatlp",Positive
"@_estanilo @vlucasrocha @forumpandlr O cara ia pedir parceria, ele tinha boa quantidade de seguidores antes mesmo desse surto de fama por causa da Anitta.",Negative
@Oneres5 @midsfolk @isissw1ft @forumpandlr a Anitta sendo a maior prosty do mundo e vocÃª falando da Taylor kkkkk a piada jÃ¡ vem pronta,Positive
e tipo assim a anitta nÃ£o fica nem 1 mÃªs com ouvintes estÃ¡veis  https://t.co/HOOiZTADgk,Negative
@onlytiago_ @aniweeknd @ludmonet anitta out do global tbm kkkkkk no se ve ela la aaa,Negative
"Anitta pelo amor de Deus pode editar esse clipe, tira a parte do beco, o atorzinho lÃ¡ jÃ¡ deixou subir pra cabeÃ§a! 
NÃ£o vou passar pano pra esse homofÃ³bico nÃ£o! 
#Funkrave #Anitta #Anitters  #LGBTQIA #Orgulho",Negative
"TÃ´ cheia de aula pra revisar mas tÃ´ aqui no tiktok vendo e revendo a coreografia da Anitta pra aprender como se fosse danÃ§arina profissional dela ğŸ˜‚ğŸ˜‚
Tem piedade de mim senhooor",Positive
nÃ£o sÃ³ leu como tiramos nota mÃ¡xima eh isso um beijo da anitta https://t.co/oG3oDA7Usc,Positive
"Natti Natasha diz que esta louca para vir ao Brasil e tambem pra ir em uma festa com a Anitta.

QUEREMOS FEAT DAS MAMISğŸ”¥ https://t.co/QnABnPVCCZ",Positive
@forumpandlr Comenta @Anitta,Negative
A Ãºnica pessoa capaz de derrotar o ego da Anitta Ã© a blogs jakakajkakakakak,Negative
"cara acha q eh um deus sÃ³ pq anitta ""mamou"" ele Ã©? 
como tem gente mal educada por ai mkkk
https://t.co/0QelX6DVky",Negative
@JohntheJonas Como assim usou a Selena de inspiraÃ§Ã£o  ? Eu to por fora dessa sÃ©rie sÃ³ vi uns vÃ­deos e nem cheguei perto dos ep,Negative
"n me choca ter aparecido em um clipe da anitta, essa ai so com gnt de baixo nÃ­vel msm",Negative
"a megan jÃ¡ tÃ¡ hÃ¡ +300 dias sem lanÃ§ar uma msca sequer, enquanto isso a anitta lanÃ§ou +15 nesse perÃ­odo e em 4 lÃ­nguas diferentes para 4 mercados diferentes e msm assim nÃ£o consegue 500k de ouvintes de diferenÃ§a  https://t.co/HOOiZTADgk",Negative
O que Anitta fez no clipe com ele nÃ£o foi sexualizar? https://t.co/a904RqbO1j,Negative
"@Oneres5 @isissw1ft @nilsjobergg @forumpandlr Um caso nÃ£o anula outro amor, nÃ£o Ã© pq 4 swifties foram r4c1st4s e gordofobicos que todos sÃ£o,isso Ã© generalizaÃ§Ã£o, agora desde sempre grande parte dos anitters fazem ataques r4c1st4s a lud sÃ³ por receio de ela superar a anitta",Negative
esperando a anitta trazer minha Ã¡gua saborizada https://t.co/CSLLR9i8Pf,Positive
"@anittagolden 500 pessoas na live, vocÃªs se metem em cada coisa anitters https://t.co/if4alKuXyk",Negative
@magaIigna a surra na anitta N para,Negative
SÃ³ esperando a Anitta assumir que se inspirou no noiadance pra fazer funk rave,Negative
"@pray__att Na verdade nÃ£o, mas Ã© a primeira que estÃ¡ virando trend de futebolistas o que Ã© muito bom. Se o Vini Jr ou o Neymar postagem um vÃ­deo com a mÃºsica fazendo a trend da embaixadinha seria perfeito porque aÃ­ o hit era certo",Negative
@expositou @alfonsolacruzz @Anitta @QGdaAnitta grosso do crlho,Negative
@IDhouglas @alfonsolacruzz @Anitta obrigado amg ğŸ˜˜ğŸ˜˜ https://t.co/MJfMU4odwL,Positive
"A obsessÃ£o, amg da pra curtir outras BR alÃ©m da Anitta e ta tudo bem, pra que fingir??",Positive
"@onlytiago_ @ludmonet Kkkkkkkkkkkk, obrigado pelo o que? 
GÃªnero machista, mor. Ludmilla fez seu nome.
Anitta batendo no mÃ¡ximo 15k de pessoas, oh do",Negative
@FriendDaAnitta @choquei O povo estÃ¡ expondo Tudo alias. Igual o guri lÃ¡ do clipe da Anitta,Negative
@siteptbr E esses aÃ­ o tipo que Anitta gosta,Negative
A billboard tambem falou q a anitta ia levar o grammy,Positive
@slizzXO igual a anitta? to brincando,Negative
Amo dar hate na Anitta no twitter e dar stream em tudo que ela faz ao mesmo tempo,Positive
"Ã© de lei: se tem envolvimento com anitta, n tem carater",Negative
td q eu sei sobre anitta eh contra minha vontade,Negative
@lenypiper @alfonsolacruzz @Anitta Amg suas artes estÃ£o impecÃ¡veis,Positive
anitta maior aliada da xausa lgbt eles dizem,Negative
@SchetzRivera @geogataaa @forumpandlr Desde quando a Anitta Ã© hÃ©tero? ğŸ¤”,Negative
A Anitta trabalha com cada pessoa...,Negative
@sahfrommg esnobe dms essa anitta,Negative
"silenciei Taylor Swift e Anitta, nunca tive tanta paz na tml",Negative
"tu sobe pelas paredes com o
macete da anitta",Positive
@choquei kkkk eh so andar com a anitta que fica qssim,Negative
"@AcessoAnittaR Acho que Anitta deveria estar lanÃ§ando mÃºsicas assimâ€¦ entendo a estratÃ©gia de Apresnetar o Funk, mas acho que agr agr nÃ£o seria o momentoâ€¦ ela acabou de alcanÃ§ou o top 1 global com Envolver ( Reggaetton) e deveria se estabilizar com mais mÃºsicas no mercado latino.",Positive
"@donadogueto @ludmonet Obrigado pagode, anitta tem isso no pop e funk bjs",Positive
"a TAMANCADA que a anitta e a cazzu deram no arcangel se repetindo, agora com a maria esmurrando o coscu arrr

 https://t.co/5nO34uatlp",Positive
"@Oneres5 @folkstann @forumpandlr pega os tweets q vc da rt e curte e pega os meus pra ver quem Ã© a hipocrita aqui, pq nunca falei mal do corpo da anitta ou dei rt em coisas pesadas como vc",Positive
"@lasensxcion SÃ³ depois de uns dois Ã¡lbuns de reggaeton que consolidasse ela na AmÃ©rica Latina, mas como ela quis diferente a resposta Ã©: sim! ğŸ˜",Negative
"@siteptbr AÃ­ Anitta para de inserir esse tipinho no meio da mÃ­dia, chega de macho tÃ³xico.",Negative
"@ismarkII Ele compartilhou no post nos stories, a nossa publicaÃ§Ã£o Ã© sobre isso",Negative
"medo desse negÃ³cio de algumas pessoas estarem pedindo remix de QuÃ­tate La Ropa com a Anitta acabar trazendo hate para o La Cruz, se vocÃª gostou da mÃºsica vai lÃ¡ ouvir nas plataformas digitais e pronto",Negative
@ctrlcharlesss @envolxver vamos fingir que eu acredito https://t.co/lnScP4VmUF,Positive
"por que esses v14d0s estÃ£o babando o ovo daquele bofe que a anitta botou no clipe?????? o cara nÃ£o tem nada demais kkkkkkkk vÃ£o dar biscoito pra outros gays, obsessÃ£o esquisita por hÃ©tero eu hein",Negative
"@JustSpeakingNow @starkbizzler @ryanito74 EngraÃ§ado que fÃ£ da camilla pode falar da Anitta, mais nÃ£o ao contrÃ¡rio? Acorda",Positive
Esses gays dizendo que ele Ã©  gay zzzzzz bem feito pro viad  kkkkkkk vindo dessa Anitta que sÃ³ anda com gente coisa mamou um homofÃ³bico ainda,Negative
Meu sonho utimamente Ã© ir num show do major rd,Negative
@expositou @alfonsolacruzz @Anitta @QGdaAnitta mas eu nÃ£o tÃ´ pedindo nenhum remix,Negative
"@rickyhall55 oi bby, tusk bem esta noite? ğŸ«¶ğŸ¼",Negative
Clipe da Anitta gente,Positive
"@outyeju @mahbbrnd @leavemelon3ly Kkkkkkkkk chora mais que tÃ¡ pouco hater, Anira Ã© muito lendÃ¡ria nÃ©? E a Ana Castela tambem, que inclusive Ã© fÃ£ da Patroa Anitta. https://t.co/pN5e6gd4l1",Positive
@forumpandlr Por isso que a anitta mamou ele nÃ© ela adora um homem escroto,Negative
@_LucasEstevao_ @Anitta Vale ressaltar que vai ser minha primeira noite na metro. Kkkk,Positive
"Espero que a anitta se pronuncie contra esse cara, pq se nÃ£o ela sÃ³ vai alimentar mais o boato de que sÃ³ Ã© lgbt+ e ajuda na causa quando convÃ©m.",Negative
@siteptbr NÃ£o tem a mesma emoÃ§Ã£o,Negative
Amor vc n Ã© a anitta,Positive
por isso que eu fico igual a anitta,Positive
@lenypiper @alfonsolacruzz @Anitta Eu jurei que era real kkkkkkk,Negative
"@forumpandlr NÃ£o me espanta, a Anitta sÃ³ se envolve com homem que nÃ£o presta, pra combinar com ela, que tb nÃ£o presta. Isso que dÃ¡ fazer pessoas idiotas ficarem famosas",Negative
Juro eu e o JoÃ£o discutindo Anitta x Ludmilla Ã© tudo pra mim.,Positive
@ferabraao @Anitta Elas viradas danÃ§ando sÃ³ os hits,Positive
Se esse remix sair com Anitta e Bad Bunny a AmÃ©rica Latina vai parar  https://t.co/9EPg8V9E1j,Positive
eu falando com fÃ£s da anitta,Positive
"@cogeloachiste Fico tÃ£o triste que uma pessoa horrosa e criminosa dessa vai ganhar visibilidade, @Anitta meu anjo na prÃ³xima vez escolhe um ator gay masculino pra contracenar com vc viu, sei que vc nÃ£o tem culpa pelas atitudes desse Yuri porÃ©m sÃ³ pra garantir mesmo kkğŸ™",Positive
"@flamenrsgo @valerioQBF @futebol_info Ariana flopada no icon, nunca serÃ¡ Anitta",Positive
"Macho escroto esse, @Anitta podia rever pra quem vai dar mÃ­dia!ğŸ˜‘ğŸ¤®",Negative
@aIbertzin @siteptbr Isso seria um bem pra humanidade kkkkkkkkkkk e a boqueteira anitta da 17 ğŸµğŸµ,Negative
Ã© a primeira mÃºsica da anitta que fica mais popular entre os hÃ©teros nÃ©?,Positive
"@siteptbr DÃ£o palco pra esses who por ter um corpinho malhado e o resultado Ã© esse kkkk anitta nunca erra as pessoas lixo, incrÃ­vel",Negative
@onlytiago_ @ludmonet Mudou o disco? Kkkkkk menos em um Ãºnico show a Ludmilla coloca o dobro de pessoas que a a anitta,Negative
"agora sim!!! Anitters brigando com as latinas ww, agora gosteiâ€¦ anitta tem que ser comparada e ultrapassar tais artistas, e nÃ£o os br https://t.co/0tWkPw7z3x",Positive
isso vai cair nas costas da anitta n duvido nada https://t.co/hGKxBFhTWE,Negative
@kauxblvd O cara que a Anitta mamou no clipe da mais recente bomba atÃ´mica que ela lanÃ§ou,Negative
A CARREIRA INTERNACIONAL DA ANITTA VSFFFFFFF,Negative
a anitta assim no off,Negative
A anitta Ã© a melody da xuxa?,Negative
"se a anitta ver isso, no prÃ³ximo clipe dela esse daÃ­ vai fazer um fisting nela",Negative
"@forumpandlr nÃ£o me surpreende pan, Ã© sÃ³ os desse naipe que anda com a anitta e que ela m4m4",Negative
@expositou @alfonsolacruzz @Anitta @QGdaAnitta mostra nÃ£o qg esconde,Negative
"Pra ter ideia, tem:
Anitta
Ludmila 
Alcione 
Jads e Jadson 
Luisa Sonsa 
Ariana Grande 
Taylor Swift
BeyoncÃ© 
Baco 
Ana Castela
Thiago PantaleÃ£o 
Eminem 
Mariah Carey
GlÃ³ria Groove 
Pabllo Vittar
Doja Cat
Olivia Rodrigo 
Bonde das Maravilhas
E muitos outros cantores",Positive
@forumpandlr um dia desses ele deu entrevista dizendo que a carreira dele tava dando um up por ter aparecido no clipe da anitta e agora jÃ¡ vai jogar na lama a carreira que nem comeÃ§ou por ser homofÃ³bico e eu acho Ã© pouco,Negative
"@forumpandlr @Anitta vem cÃ¡, e essa homofobia em pleno mÃªs LGBTQIA+??? https://t.co/gPLFBQqa2V",Negative
@lenypiper @alfonsolacruzz @Anitta e agora o que faÃ§o com o fato de nÃ£o existir ğŸ˜­,Positive
@viralizeiii @mahbbrnd @leavemelon3ly qm passa vergonha aqui Ã© a anitta tendo q lamber pau pra ganhar view e msm assim apanhando no global ate pra ana castela,Negative
"o quÃ£o lgbt cult br ğŸ‡§ğŸ‡· vocÃª Ã©?

Alcione âœ… 
Anitta âœ…
Ludmilla ğŸš«
Claudia Leitte ğŸš«
Daniela Mercury âœ…
Margareth Menezes âœ…
Ivete Sangalo  âœ…
ZÃ©lia Duncan âœ…
Ana Carolina âœ…
IZA âœ…
Pabllo Vittar ğŸš«
Sandy ğŸš« 
GlÃ³ria Grooveâœ…
BethÃ¢nia âœ…
Gal Costa âœ…
Joelma ğŸš«
Wanessa Camargo ğŸš«",Positive
@fentymafiosa @_geygomess nÃ£o foi esse show que a anitta trocou o lugar por que as vendas encalharam?,Negative
"@leiatheinvestor AlÃ´ malditos
@anterogreco 
@Anitta 
@LucianoHuck 
@Ludmilla 
@GretaTumberg 
@MarkRuffalo 
@LeoDiCaprio 

A Amazonia estÃ¡ queimando
DesgraÃ§ados
CadÃª VCS",Negative
@onlytiago_ @blindsoty o problema de ser fÃ£ o da olivia Ã© pq ela foi best new artist e a anitta nÃ£o? kkk https://t.co/2Hy8QPcR6D,Negative
anitta sempre contribuindo e colocando gente otaria na midia,Negative
"Apesar de tudo, um dia eu queria ver e escutar a Anitta cantar  Shallow!",Positive
"""Anitta tÃ¡ focada no Ã¡lbum dela"" mas a mÃºsica Ã© dele ue kkkk ela sÃ³ participaria e ta ok gente plmds praq esse auÃª todo",Positive
"Yuri Meirelles, modelo do clipe de ""Funk Rave"", de Anitta, tem comportamento agr*ssivo ao receber DM de rapaz: ""E aÃ­ o que, meu parceiro? Tenho cara de v*ado?"".ğŸ‘€ğŸš¨ https://t.co/Gq5xhjxRCn",Negative
@forumpandlr E a Anitta nem Mamou ele.. se manca rapaz!,Negative
"@clovanitta ai amigo Ã© a minha msc preferida da anitta enquanto tds ja tao de saco cheio e to escutando ainda, ainda nao superei ğŸ˜”ğŸ«‚",Positive
@forumpandlr E ainda dizem que a Anitta nÃ£o Ã© ministra do turismo sexual sendo que a Ãºnica coisa que esse boy ganhou foi um bando de viado no cio e uma proposta pra entrar no irmÃ£o dotados,Negative
"Transar ao som de funk have da Anitta, gostoso demais ğŸ˜ˆğŸ˜ˆğŸ˜ˆğŸ†ğŸ‘„",Positive
"@forumpandlr Afff, olha p quem a Anitta da palco",Negative
@_LucasEstevao_ @Anitta JÃ¡ estou garantidaâ€¦ tremendo a raba e tudo!,Positive
"@getwreird @forumpandlr Agr pronto, oq a Anitta tem a ver kkkkk",Negative
Porra @Anitta vÃª se escolhe direito teus macho caralho,Negative
essa mÃºsica nova da anitta funk rave foi uma das piores coisas q eu jÃ¡ ouvi,Negative
"@iBlogueirinha sim blo,anitta nÃ£o faria isso com a carreira dela",Positive
e isso uma beijo da anittağŸ˜„ğŸ«¶ğŸ»ğŸ˜ğŸ’‹,Positive
"@vinnywithy @AcessoAnittaR @alfonsolacruzz @Anitta Amor acorda para vida ,Ã¡lbum sÃ³ em 1 ano ,se for para esse remix sair Ã© por esse mÃªs ou prÃ³ximo mÃªs",Negative
@junnixr @forumpandlr a anitta nÃ£o conhecia ele,Negative
ela querendo provocar a anitta,Negative
@tiffanylndr @forumpandlr ah c ctz ele faz um clipe com a Anitta e ele jura q sÃ³ vai ter gostosa chamando ele na dmâ€¦. faz favorâ€¦. ele eh sÃ³ homofÃ³bico mesmo. e p raiva dele eh bem padrÃ£o das gays kkkkkkkkkkkkkkk,Negative
"VAMOS LÃ NÃ‰ GALERINHAâ€¦ vamos parar de pedir remix, discutir com haters e fazer o que realmente importaâ€¦
#FUNKRAVE #ANITTA 
 https://t.co/cb3au4GBR9",Positive
"Pq swifts tanto Ã³dio da Anitta? Ela NN vai comer vcs.
A Anitta Ã© tÃ£o relevante pra eles que eu fico de caraaaa https://t.co/h19v4eBEkB",Positive
"@mari_meireles SIM, nossa me mordo com isso, cara. Anitta errou MUITO",Negative
"o quÃ£o lgbt cult br ğŸ‡§ğŸ‡· vocÃª Ã©?

Alcioneâœ…ï¸
Anitta âŒ
Ludmilla âœ…
Claudia Leitte âŒ
Daniela Mercury âŒï¸
Margareth MenezesâŒ
Ivete Sangalo  âŒ
ZÃ©lia Duncan âŒ
Ana Carolina âŒ
IZAâŒ
Pabllo Vittar âŒ
Sandy âŒï¸
GlÃ³ria Groove âŒ
BethÃ¢nia âŒ
Gal Costa âŒ
Joelma âŒï¸",Negative
"@alfonsolacruzz @AcessoAnittaR @Anitta Nos queremos muito, vi no YouTube cara ğŸ˜",Positive
@aniweeknd @ludmonet @onlytiago_ Qualquer um da anitta? Sim,Positive
Anitta assinado a carteira de trabalho de homofÃ³bicos,Negative
"@darlingdarkn3ss @forumpandlr exatamente olha o insta dele q veja quantas famosas seguem, sÃ³ a anitta mesmo...",Negative
"Ã‰ triste eu abrir o twitter e ver isso logo no mÃªs do orgulho. 
Anitta.",Negative
"@SpliSouth Da onde tu tirou isso?
Foi o contrÃ¡rio, Anitta disse que nÃ£o tem remix nenhum! 

Ela apenas gostou da mÃºsica e por isso havia postado..",Positive
@siteptbr @Anitta Da prÃ³xima vez contrate um boy gostoso mas que tenha educaÃ§Ã£o!,Negative
"@siteptbr Ã‰ claro nÃ©, anda com a Anitta esperava oq?",Negative
"@forumpandlr Entrou pra mÃ­dia por causa da Anitta, porque se nÃ£o fosse ela, ninguÃ©m iria saber quem Ã© ele. 
Agora recebe um e aÃ­ no direct e comeÃ§a a dar show?! ğŸ¤£ğŸ¤£",Negative
A divulgaÃ§Ã£o pesadÃ­ssima da Freaks esse sÃ¡bado entre os fÃ£s da @Anitta ğŸ”¥,Positive
@forumpandlr e a anitta mamou essa merda ainda aquela piranha,Negative
@alfonsolacruzz @Anitta Poxaaaa que mÃºsica gostosa!! @Anitta cuida mulher se joga nesse reggaeton.,Positive
@siteptbr HomofÃ³bico igual a Anitta,Negative
"@splitfloat Se atÃ© a Anitta pode ser famosa, qualquer um consegue gerenciando bem.",Negative
"@forumpandlr @Anitta @QGdaAnitta  SE TIVER MAIS PARTICIPAÃ‡Ã•ES EM CLIPES, CANCELA",Negative
"Gente nÃ£o vou fica mais aqui sÃ©rio nÃ£o consigo mais, voltarei quando tive algo muito importante da Anitta https://t.co/kQVzDC3TEJ",Positive
@QGdoPOP jÃ¡ tÃ¡ valendo mais que toda a discografia da anitta,Negative
Kinga demais,Positive
"o quÃ£o lgbt cult br ğŸ‡§ğŸ‡· vocÃª Ã©?

Alcioneâœ…ï¸
Anitta âŒ
Ludmilla âœ…
Claudia Leitte âŒ
Daniela Mercury âŒï¸
Margareth MenezesâŒâœ…
Ivete Sangalo  âœ…âœ…
ZÃ©lia Duncan âœ…
Ana Carolina âœ…âœ…âœ…
IZAâœ…ï¸
Pabllo Vittar âœ…
Sandy âœ…âŒ
GlÃ³ria Groove âœ…
BethÃ¢nia âœ…ï¸âŒ
Gal Costa âœ…ï¸âœ…
Joelma âŒ",Negative
Vai ser incrÃ­vel essa Freaks Especial Anitta ğŸ”¥ğŸ”¥ğŸ”¥,Positive
bj da anitta https://t.co/bwsgnXnjDt,Positive
@siteptbr Tinha q ter o dedo podre da Anitta no meio,Negative
"@forumpandlr aff, por isso a anitta flopou",Negative
@Dojaeanitta @QGdoPOP e dando outstream em tudo da doja e da anitta somados,Positive
"Nesse post temos 4 desempregados, que obviamente sÃ£o excluÃ­dos da sociedade,com certeza 4 tonhoes  feios barangos. Que tem o intuito de denegrir a imagem da Anitta, mais que no final sÃ³ deixam o nome dela mais relevante ainda...obg hatesss vcs tbm sÃ£o de grande ajudağŸ˜ğŸ™Œ https://t.co/E2SvicsQGi",Positive
penso uma coisa.. exemplo: se vc n gst da msc da anitta ent Ã© sÃ³ n seguir ou falar dela. se vc participa de ft Ã© sÃ³ sdv um fÃ£ dela e silenciar p n ver nd ğŸ¤·â€â™‚ï¸,Positive
@forumpandlr VocÃªs tinham dÃºvidas? Pra andar com A anitta bozoloide quer o que???,Negative
"@pray__att mas gente nenhum single solo internacional da anitta fez sucesso no comeÃ§o atÃ© agora, ela tem que trabalhar o single e a divulgaÃ§Ã£o como um todo, nÃ£o tem pq estar triste, funk rave ta fazendo melhor q qualquer single solo q ela lanÃ§ou atÃ© hj nos primeiros dias. esses â€œfÃ£sâ€â€¦.",Positive
"a anitta tem dedo podre mesmo, tadinha",Negative
"@accraffa @siteptbr Mas amor,como vc pode culpar a Anitta por uma coisa que nÃ£o tem nem haver com ela? O cara Ã© hÃ©tero,nÃ£o gosta de viad0,a bicha vai lÃ¡ atrÃ¡s de pica toma o feche e a culpa Ã© da Aninha?? Vai se fuder",Positive
@siteptbr Anitta Ã© podre e ainda por cima chama as imundÃ­cie da famÃ­lia dela,Negative
@QGdoPOP e a porca da anitta qg? tÃ¡ a venda?,Negative
"Sou assim, nÃ£o vou mudar!  Por mim tanto faz tanto fez bjs da anitta",Positive
@forumpandlr A gentalha da Anitta dando fama pra gentinha. PQP!,Negative
"@froescry @choquei Myco, a Anitta Ã© mais conhecida internacionalmente que essa tal de BeyoncÃ©.",Positive
"@forumpandlr Puts a Anitta nÃ£o acerta nunca
Uma pena pra essa querida",Negative
@erinittx_ @isissw1ft @forumpandlr tenho dÃ³ dos cachorros da anitta,Negative
@cariocanitter @choquei Confundiu com a anitta que mesmo depois das mil acusaÃ§Ãµes sobre o nego do borel continuou best dele,Negative
"@siteptbr Em pensar que ele vai aparecer no outro clip da @Anitta  novamente na continuaÃ§Ã£o do funk rave . Corta ele kkk . Ainda temos tempo , Anira !!!! nÃ£o deixa esse lixo , porfa ! chega de visibilidade desse ser",Negative
Mds Anitta nÃ£o tem 1 minuto de paz na droga desse Twitter,Positive
anitta como sempre dando fama para os piores tipos de pessoas,Negative
pq tÃ£o atacando a anitta por causa q um homem foi homofÃ³bico ? povo sem noÃ§Ã£o,Positive
"@pray__att A da emilaia com a lud nÃ£o teve 1/3 do marketing, divulgaÃ§Ã£o e playlist por isso nÃ£o foi flop ao contrÃ¡rio da Anitta, mas pra vc entender isso Ã© meio complicado",Negative
"@forumpandlr ridiculo homofobico e provavelmente transfobico tambÃ©m, que inconsequente a anitta por um ser desses tÃ£o enrustido em um clipe global, sou anitter mas tem horas que nÃ£o da pra defender, que cara estÃºpido mal resolvido, aposto q se pagar ele sai !",Negative
"E estÃ£o surpresos pq?
O nincho de amizades da anitta a maioria tem crimes.",Negative
"Pessoal de Recife, neste sÃ¡bado (01) tem festa no @FreaksProducoes com tema de â€œFunk Raveâ€.

Esperamos vocÃªs lÃ¡. ğŸ”¥ https://t.co/8sMNqTyTod",Positive
"anitta sempre abrindo caminho pra gente preconceituosa e que nÃ£o merece crescer, parabÃ©ns",Negative
@forumpandlr tinha que vim da anitta,Negative
"@ExtensaoAnitta Mano eu jÃ¡ tive AtÃ© apelido de XuXa-preta quando era crianÃ§a . SÃ³ pq eu gostava da XuXa . Ai agora ela passa a coroa pra Anitta que tambÃ©m Ã© minha Fave.
Ou seja nunca escolhi errado . Sempre tive certeza de quem eu iria ser fÃ£ .
                   GAGA
 XUXA/              \Anitta",Positive
@siteptbr Anitta mulhe em qual esgoto vc vai pra smp pegar os piores https://t.co/jteaEQ0eFh,Negative
@alfonsolacruzz @Anitta Meu Deus te amo,Positive
"e isso, um bj da anitta",Positive
"@anifunkrave @willxmars @anittaperrea @is_hitalo @gaabnitta mas ele dificilmente vai contribuir com o crescimento da Anitta neste mercado americano, fora que nem faz sentido ela lanÃ§ar um remix de reggaeton no meio de uma era toda voltada pro funk",Negative
Queria uma amiga pra viajar pela Europa igual Juliette e Anitta,Positive
estÃ£o vendo fÃ£s da anitta? o tipo de pessoa que a fav de vocÃªs da fama? em pleno mÃªs do orgulho...,Negative
@forumpandlr podia ter respondido que ele tem sim cara de viad*nho que provavelmente deu pra anitta de cintaralho,Negative
O dedinho da Anitta nunca falha nÃ©,Positive
@samiporrinha @rodsknife nao posso viver num um mundo sem a anitta https://t.co/7CCBY3whHL,Positive
"@siteptbr isso que dÃ¡, a anitta lanÃ§a um clipe e um bando de mona seca acaba dando mais atenÃ§Ã£o pra um personagem secundÃ¡rio.",Positive
"Os ataques Ã  Anitta diminuem quando vocÃªs param de ir nesses fÃ³runs comentar coisas nas quais ela Ã© citada de maneira direta e indireta. SÃ£o vocÃªs que sÃ£o engajamento Ã  eles, sÃ£o vocÃªs que dÃ£o palco pra isso tudo.",Positive
@choquei E sabemos que vai lotar diferente da Anitta,Negative
"@forumpandlr tinha q ser da laia da anitta nÃ© pan

https://t.co/m7ipHvOaCC",Negative
"@siteptbr Pt fala tambÃ©m sobre a fala homofÃ³bica da anitta q vazou, incrÃ­vel como todo mundo q anda com a anitta tem uma fala problemÃ¡tica nÃ©",Negative
as pessoas tÃ£o realmente dando stream na melody pq estÃ£o com um Ã³dio mortal pela anitta,Negative
"@henriqueltalves @forumpandlr Anitta nÃ£o tem culpa, com certeza ela vai riscar ele da lista dela.",Positive
"Acho que o remix de 'Ta OK' vai ser Feat Maluma, Karol G e Anitta ğŸ‘€
Anitta falou assim que a mÃºsica foi lanÃ§ada que queria fazer parte do remix dessa mÃºsica, Maluma jÃ¡ foi confirmado.. Karol G postou video ouvindo a mÃºsica e curtiu o video da Anitta danÃ§ando ğŸ‘€ https://t.co/uNArqtV1ui",Positive
@siteptbr Qual a surpresa???? Anitta ama um homofÃ³bico https://t.co/SiDwjPnQlt,Negative
@CINEK4ISER @leavemelon3ly o foda que a Cud NUNCA tem charts kkkkk entÃ£o a Anitta atÃ© FORA do charts continua ACIMA dela kkkk Ã© ASSUSTADOR,Positive
"@siteptbr a anitta Ã© bem seletiva nÃ©, escolhe sempre os piores https://t.co/nHI1lDZC6C",Negative
.@KevinOChris @dennisdj convidem a Anitta pro remix tbm por favooor,Positive
"o quÃ£o lgbt cult br ğŸ‡§ğŸ‡· vocÃª Ã©?

Alcioneâœ…ï¸
Anitta âœ…
Ludmilla âœ…
Claudia Leitte âœ…
Daniela Mercury âœ…
Margareth MenezesâŒ
Ivete Sangalo  âœ…
ZÃ©lia Duncan âŒ
Ana Carolina âœ…ï¸
IZAâœ…
Pabllo Vittar âœ…
Sandy âŒï¸
GlÃ³ria Groove âœ…
BethÃ¢nia âœ…ï¸
Gal Costa âŒ
Joelma âœ…",Positive
@forumpandlr Qual a surpresa que esse anÃ£o barrense teria esse comportamento ? Requisito para trabalhar com Anitta https://t.co/fvSOEqYFdK,Negative
"@siteptbr A Anitta sÃ³ envolve com quem nÃ£o presta, mulher baixa",Negative
@siteptbr Anitta q fez esse infeliz aparecer na midia,Negative
"@forumpandlr grande surpresa que a anitta sÃ³ anda com padrÃ£o homofÃ³bicoğŸ™€
mais chata que ela Ã© esse fandom, sÃ³ tem yag chatas, chaveirinhos de homens assim",Negative
@siteptbr Pop verdade que a Anitta conheceu ele quando invadiram o Congresso?,Negative
"@siteptbr bem q eu digo, tudo que vem de ruim vem da anitta pt",Negative
@MinogueCentral @kylieminogue Foi lindo,Positive
".@Anitta entre nesse remix de TÃ¡ ok urgenteeee, igual foi com danÃ§arina remix aÃ­ adiciona no Ã¡lbum tbm jÃ¡ que tem tudo a ver a sonoridade  https://t.co/D5XgeVksRn",Positive
"em live no Instagram, @alfonsolacruzz disse q viu o remix de 'QuÃ­tate la ropa' com Anitta feito por IA, viu os fÃ£s da Anitta querendo o remix e q ela Ã© icÃ´nica 
https://t.co/5Nvg26X3wl",Positive
"@siteptbr a anitta como sempre envolvida, essa mulher Ã© um mico.",Negative
se fere os direitos humanos a anitta apoia,Negative
Enquanto isso a anitta Ã© vista com rola na goela,Negative
"Saudades do meu fundamental 1
LÃ¡ mÃºsica da Xuxa nÃ£o se cria. Mas Anitta e Ludmila fazem sucesso.",Positive
@siteptbr JÃ¡ sabemos de ser tÃ£o baixo igual a Anitta,Negative
@tracklist ela fazendo isso pra provocar a anitta que nÃ£o tem hit nenhum pra ela poder compartilhar,Negative
"Vcs pedindo anitta no remix de tÃ¡ ok 
Pois eu quero ela no remix do la cruz",Positive
"Vixe que babaca. Se tivesse sido assediado, mas um ""e aÃ­?"" NÃ£o ofende ninguÃ©m",Negative
"@dxvsbey Anitta: teve hits em mais de 20 paises 
Lud:7 paises graÃ§as a emilia",Positive
"o quÃ£o lgbt cult br ğŸ‡§ğŸ‡· vocÃª Ã©?

Alcioneâœ…ï¸
Anitta âŒ
Ludmilla âœ…âŒï¸
Claudia Leitte âŒ
Daniela Mercury âŒï¸âœ…
Margareth MenezesâŒ
Ivete Sangalo  âŒâœ…
ZÃ©lia Duncan âœ…ï¸
Ana Carolina âœ…ï¸
IZAâŒ
Pabllo Vittar âŒ
Sandy âŒï¸
GlÃ³ria Groove âŒ
BethÃ¢nia âœ…ï¸
Gal Costa âœ…ï¸
Joelma âŒï¸",Negative
Anitters sÃ³ me fazem raiva sÃ³ tem burro https://t.co/0izEImx8ts,Negative
@siteptbr estamos com anitta,Positive
"@anittaxswift NÃ£o, preferimos o da Anitta",Positive
"@forumpandlr Lembrando que quem escolheu ele foram as meninas! 
Anitta nem conhecia esse cara, e mesmo assim as meninas nÃ£o tem culpa de nada...

O erro Ã© dele, aprendam a separar as coisas!",Positive
"ğŸš¨ Em prints vazados, Yuri Meirelles, modelo que estrelou o novo clipe de Anitta, Ã© visto tendo falas homofÃ³bicas:

â€œTenho cara de viado?â€ https://t.co/uH24hZD0MB",Negative
@dakitix e a anitta guardando o quarto single a 7 chaves,Positive
"@coelhosoty nada a ver cara, anitta entrou na mente de vcs por falar a vdd kkkkkk",Positive
"@forumpandlr A ANITTA DEU FAMA PRA ESSE AÃ INFELIZMENTE , O MUNDO TEM DEZENAS IGUAIS A ELE",Negative
"Eu amo essa energia de boas da Anitta, a guria Ã© suave demaisssssssss âœ¨â¤ï¸",Positive
Esse rato de esgoto soltando fogos pq a Anitta vai estar out da mÃºsica e essa mÃºsica pode ser o primeiro funk a pegar #1 global. E ainda tem anitter que segue esse lixo.,Positive
O fÃ£ que tÃ¡ reclamando de #funkrave nÃ£o conhecia a Anitta ainda quando ela lanÃ§ou Will I see you como primeiro single â™Ÿï¸,Positive
"Yuri Meirelles, modelo do clipe de ""Funk Rave"", de Anitta, tem comportamento agressivo ao receber DM de rapaz: ""E aÃ­ o que, meu parceiro? Tenho cara de viado?"". https://t.co/KiYJgOwZqq",Negative
@forumpandlr Olha @Anitta ğŸ˜Š,Positive
"ğŸš¨| O Spotify Brasil estÃ¡ promovendo um anÃºncio no TikTok com um vÃ­deo promocional de ""Funk Rave"". https://t.co/GOXcsSNX8z",Positive
"@choquei Tinha que ser da laia da Anitta choquei, ela sÃ³ apresenta o que Ã© ruim pro mundo",Negative
@foganoli ele deve ser irmÃ£o do leo dias fala que nem ele quando ele fala da Anitta ridÃ­culo https://t.co/BumpiLlFvg,Positive
"Anitta, se derrubar o copo vai ter que se relacionar com um homem que nÃ£o seja nem homofÃ³bico nem racista https://t.co/tRqgSMA3si",Negative
"@choquei AtÃ© a Anitta e homofobico, zero supresas",Negative
"NÃ£o sei pra que dÃ£o palco pra esse aÃ­, sÃ³ pq a Anitta deu a intenÃ§Ã£o de m*mar ele no clipe ğŸ¤¦ğŸ¾â€â™‚ï¸ sÃ©rio tem yag que gosta de passar vergonha mesmo, ou pior passar humilhaÃ§Ã£o mesmo.",Negative
@choquei anitta vai buscar esse povo no bueiro pra da visibilidade e fama ne,Negative
"@forumpandlr Com certeza nÃ£o tem nada a ver com a Anitta, mas minha visualizaÃ§Ã£o, o clipe de Funk Rave nÃ£o terÃ¡ mais.",Negative
@forumpandlr O dedo podre da Anitta kkkk,Negative
"Quero um feat de Anitta com La Cruz com um funk bem na vibe de Nadie te va a querer

https://t.co/Pgy5nXSOWD",Positive
@forumpandlr kkkkkkkkkkkkkkk por isso nao do engajamento pra marmita de anitta,Negative
@forumpandlr Ih gente tÃ¡ se achando kkkkkk sÃ³ pq a Anitta mamou ele no beco kkkkk,Negative
"@forumpandlr eh o que podemos esperar de pessoas que tem vÃ­nculo com anitta, ela adora essa laia",Negative
se tivessem escutado o autointitulado da anitta quando pequenas nao passariam tanto PERRENGUE na vida,Positive
Achei muito que bem feito pra esse tchola que deve ser fÃ£ de Anitta e ainda fica babando macho hÃ©tero KKKKKKKKKKKKK,Negative
"@ludxsess @ludmonet Com a anitta sim amor, ate pq a any eh boa de debut, ja a lud coitada nem de debut, nem de numeros nem de nada",Positive
@choquei Como se tudo que vem da Anitta fosse algo bom nÃ©,Negative
"@choquei Anitta sempre envolvida em coisas ruins, cho",Negative
@alfonsolacruzz @Anitta Meu deus siiiiiim,Positive
"Amanda precisa de uma amiga desbocada q nem a Anitta foi pra Juliette, mandando ela procurar uma piroc@ pra sentar ao invÃ©s de ficar se preocupando com o q hater diz. Era pra tÃ¡ sentando nesta manhÃ£ de quinta-feira, isso sim, mas tava reforÃ§ando a amizade com a conexÃ£o do cÃ©u...",Positive
@bellacmpos @forumpandlr Bella eu adoro que vc acha a anitta um gore como eu,Negative
@isissw1ft @forumpandlr Amo a Anitta mas nao posso negar isso.,Positive
"@choquei tinha que ser da laia da anitta, nem fico surpresa",Negative
@choquei NOJO jÃ¡ tÃ´ vendo a anitta defendendo https://t.co/Dhd1ub7xzr,Negative
@DailyChartBR estamos com anitta logo vamos dar mais views em funk rave como resposta a ele,Positive
@forumpandlr Oq esperar de alguÃ©m que deixa a Anitta mamar ne ? https://t.co/0MHLZEKxtm,Negative
@forumpandlr Anitta sempre dando palco pra macho escroto https://t.co/9yfniOOzVS,Negative
@choquei Essa Ã© a Anitta bissexual que anda com homofÃ³bicos,Negative
@funkgenerationx Mano eu fico chocado que a Carmen e a â€œMisturaâ€da Xuxa E Anitta nÃ© ! ğŸ˜,Positive
Caralho que coisa linda ğŸ¤§,Positive
@forumpandlr Esse Ã© o tipo de gente que a Anitta apoia e dÃ¡ visibilidade pan,Negative
@hynn22 Culpa da Anitta isso,Negative
eu queria ser assim com meu trabalho igual anitta Ã© com o dela,Positive
vamos culpar a anitta pq sabemos q ela tem Ã­ndole duvidosa e Ã© uma vaca por favor,Negative
bem da laia da anitta mesmo ğŸ¤«,Negative
o tipo de gnt que a anitta da palco,Negative
@yurinnio @forumpandlr Anitta tem mil defeitos mas o povo forÃ§a cada uma,Negative
"o quÃ£o lgbt cult br ğŸ‡§ğŸ‡· vocÃª Ã©?

Alcioneâœ…ï¸
Anitta âŒ
Ludmilla âœ…âŒï¸
Claudia Leitte âŒâœ…
Daniela Mercury âŒï¸âœ…
Margareth MenezesâŒ
Ivete Sangalo  âŒâœ…
ZÃ©lia Duncan âŒ
Ana Carolina âœ…ï¸
IZAâœ…ï¸âŒ
Pabllo Vittar âœ…âŒ
Sandy âœ…
GlÃ³ria Groove âŒ
BethÃ¢nia âœ…ï¸
Gal Costa âœ…ï¸
Joelma âœ…",Negative
Os fÃ£s da Anitta poderiam fuÃ§ar a deep web toda pra achar algo pra expor o **** Di nÃ©? Meu sonho essa maricona sem graÃ§a alguma tendo um podre sendo exposto,Positive
mas Ã© Ã³bvio que seria modelo de um clipe da anitta,Negative
@michelmkp @isissw1ft @forumpandlr o mundo assim pra anitta que hiper sexualiza pessoas pretas,Negative
"raluca, capivara, submarino e anitta mamando no beco voces sao o motivo do meu 2023 estar sendo horrivel.",Negative
@forumpandlr eu fico de cara como sempre uma pessoa que anitta trabalha 100% das vezes Ã© alguÃ©m abertamente homofÃ³bico essa mulher nÃ£o aprende nunca,Negative
Ã© isso um beijo da anitta me sigam no @yazzdadds,Positive
"arrumam tanto motivo pra atacar a anitta que jaja vÃ£o fazer isso ser sobre ela, isso Ã©â€¦ SE ISSO FOR VERDADE",Positive
"@Perryyonce @folkmaca @updatecharts Normal comentÃ¡rio vindo de gente assim, acha q a melody Ã© maior q a Anitta Ã© que a taylor Ã© maior que a bey kkkkkkkk sacou como funciona o cÃ©rebro dessa gente? Kkkkk",Positive
"Anitta mamou, Ã³bvio q boa coisa nÃ£o ia ser.",Negative
@forumpandlr anitta consegue ser pior do que ele sÃ³ por dar ibope a esse tipo de querido,Negative
homofÃ³bico do jeitinho que a anitta gosta,Negative
como pode as antigas da anitta serem tÃ£o mitudas assim,Positive
"@forumpandlr A Anitta criticou tanto as marcas mas escolheu uma pessoa para os clipes que tem preconceito com o que 90% dos fÃ£s dela sÃ£o, viados. Era sÃ³ ele nÃ£o ter respondido, simples",Negative
@forumpandlr vindo da anitta nem surpreende mais.....,Negative
"@forumpandlr Surpresos? Anitta Ã© prÃ³xima de 8338383 pessoas homofÃ³bicas mas com certeza, como disse a revista, ela representa e defende o pÃºblico LGBT+ no Brasil ğŸ™„ğŸ™„",Negative
"@forumpandlr A Anitta sempre entregando horrores nos clipes, nem me surpreende esse tipo de comportamento do povo q ela chama pros clipes sabendo que a mesma Ã© assim (nojenta https://t.co/JhAb3nEhCh",Negative
@forumpandlr Votou 22 com a Anitta,Negative
@forumpandlr e vocÃªs esperavam o que de um amigo da anitta,Negative
@forumpandlr A pessoa desenterrando algo de 6 meses atrÃ¡s sÃ³ pq Ã© de alguma maneira relacionado a Anitta mkkkkkkk que patÃ©tico https://t.co/1s6c3GiqDg,Positive
outra parecendo anitta e sÃ³ usa o agro p se sexualizar agora (umas roupas horrÃ­veis tambÃ©m),Negative
"Eu tava na rua e funk rave tava tocando em um carro, aÃ­ uma idosa que tava passando virou pra mim e perguntou ""essa Ã© a mÃºsica nova da Anitta feita para o mercado internacional que nÃ£o tÃ¡ hitando nem no Brasil?"" E eu respondi ""sim, Anitta fracassada nÃ©?"" E ela respondeu ""old"" https://t.co/M4gVlogUZd",Negative
"@Cardosorayssa2 Yuri Meirelles, modelo do clipe de ""Funk Rave"", de Anitta, tem comportamento agressivo ao receber DM de rapaz: ""E aÃ­ o que, meu parceiro? Tenho cara de viado?"".",Negative
@forumpandlr foi sÃ³ andar com a anitta que comeÃ§ou a agir assim pan,Negative
@tododiaanitters a anitta no brasil nÃ£o Ã© levada a sÃ©rio https://t.co/3jTMYEESlV,Negative
@forumpandlr tinha que ser da laia da anitta nÃ©? nÃ£o esperava menos,Negative
foquem no Ã¡lbum novo da anitta gente querem remix de sei lÃ¡ o que pra que com um projeto foda desses que ela tÃ¡ dando pra nÃ³s https://t.co/KY2Sfgg81e,Positive
@forumpandlr Anitta sÃ³ erra nÃ©,Negative
"@folkmaca @kraveeeeeen @updatecharts A Anitta tem anos de carreira kkkkkkk no fim do dia oq a Melody ganha por mÃªs, a Anitta ganha por dia.. e vc deveria fazer o mesmo, procurar um emprego",Positive
@siteptbr JÃ¡ as mÃºsicas da Anitta nem gratuita o pessoal quer ouvir https://t.co/RIXEiPFoPX,Negative
"ah mas Ã© claro, a anitta tinha que chamar um homofÃ³bico pra trabalhar com ela",Negative
"Doideira pensar que a Carmen Miranda passou a coroa para a Xuxa e a Xuxa para a Anitta, 3 geraÃ§Ãµes de rainhas",Positive
@bielviictorr @anittaftBTS Achei que ja tinham aprendido pelo visto nada mudei e novamente anitta vai hitar calando a boca de muitos,Positive
@forumpandlr pois eu preferia mil vezes receber paquera de gay do que gravar cena no beco com Anitta,Negative
"bebendo um kit e ouvindo as msc da anitta antiga, que goods vibes kkk",Positive
@forumpandlr a Anitta sÃ³ cria monstros pan,Negative
@forumpandlr Mas foi esse o diferencial que a Anitta viu nele,Positive
"Nem sempre a Anitta, mas sempre alguÃ©m perto da Anitta",Negative
@forumpandlr esse Ã© o nÃ­vel de quem se mistura com a anitta pan,Negative
@forumpandlr Tinha que tÃ¡ envolvido com a Anitta pan,Negative
"@forumpandlr o pessoal vai atacar ele mas ele tÃ¡ certÃ­ssimo, dps do vÃ­deo clipe com a anitta os gays comeÃ§aram a assediar ele entÃ£o ele tÃ¡ no seu direito",Positive
"@anittinhah @ArgentinaAnitta Ã‰ sim, amor. Todos os lanÃ§amentos daÃ­ foram da semana passada. Inclusive a playlist Ã© disso. Ainda serÃ¡ atualizada hoje com os novos lanÃ§amentos",Positive
"@coelhosoty Isso nÃ£o ver ser ruim, ela darÃ¡ visibilidade o funk e o isso favorecerÃ¡ o ritmo e Anita",Positive
@firstbrazilian @AnittaCrave @Anitta Sim!!!! Por isso estamos esperando hÃ¡ 10 anos pelo hit!!!!,Positive
@forumpandlr e era pra ser diferente? se nÃ£o for padrÃ£o homofÃ³bico a anitta nem faz amizade,Negative
"@folkmaca @Perryyonce @updatecharts Vc nÃ£o falo nada pq Ã© desempregada kkkkk eu torÃ§o tanto para q vc seja uma crianÃ§a, pq eu n aceito alguÃ©m q tenha mais de 15 anos e tenha uma mente tÃ£o miserÃ¡vel de inteligÃªncia e noÃ§Ã£o kkk uma pobre acha q a vida dela Ã© melhor doq a da Anitta",Positive
Tinha que ser fÃ£ da Anitta mesmo pra gostar de coisa ruim,Negative
"Yuri Meirelles, modelo do clipe de ""Funk Rave"", de Anitta, tem comportamento agressivo ao receber DM de rapaz: ""E aÃ­ o que, meu parceiro? Tenho cara de viado?"". https://t.co/I17N7UQMJS",Negative
cara anitta tao um coracao tao bommmm meu deus amo essa mulher,Positive
@gatilho_lgbt E a Anitta nÃ£o faz nada,Negative
"a cabeÃ§a de vcs vai explodir  quando descobrirem que a Anitta n vai participar de remix nenhum por agora, ela acabou de entrar na era do Ã¡lbum novo, estÃ¡ totalmente focada no ÃLBUM, nas mÃºsicas dele.

Ã© isso, um beijo da Anitta ğŸ’‹ https://t.co/uRh6c8g7Wk",Positive
to ouvindo anitta,Positive
simplesmente viciado no remix de inteligÃªncia artificial da anitta cantando quitate la ropa,Positive
sinto tanta falta da anitta de bang,Negative
@Joaoguiavila  Ã© a @anitta masculina hahah o fandom Ã© foda demais! Amo,Positive
"Brasileiro adora falar mal da Anitta. E vendo aqui ela dando uma entrevista em inglÃªs pra um programa de rÃ¡dio falando do funk, do seu processo criativo e do seu jeito de ver o mundo, fica claro os motivos pelos quais o Brasil ficou pequeno pra ela.",Positive
"Anitta tava certa e essa temporada de black mirror tÃ¡ mt nada a vÃªâ€¦ o primeiro ep tÃ¡ mt bom, mas o resto parece filminho de terror trash",Positive
"@folkmaca @Perryyonce @updatecharts Mas eu tÃ´ falando de VC, vc acha q sua posiÃ§Ã£o hoje na vida tÃ¡ melhor doq a da Anitta (q vc citou agora)?",Positive
"Boa noite 

MÃ£eeee, te amo @Anitta ğŸ¤

https://t.co/tKNH4qSrAz",Positive
"@Davi_Kis @ExtensaoAnitta @covildabarbie Maior erro da Carreira da anitta foi ter mudado o nome do Ã¡lbum, seria bem mais bombÃ¡stico e interessante pra quem e de fora do Brasil ,geraria curiosidade pra ouvir a tal ""garota do Rio""",Negative
"@pray__att @balvinnittx Se o Ã¡lbum for todo nessa estÃ©tica vai ser flop ctz. Reclamaram tanto da Warner, mas o VOM foi SIM um dos maiores projetos da Anitta mesmo tendo mudado de GFR para VOM do nada. EsperÃ¡vamos algo maior, nÃ£o tÃ´ mt contente, mas aguardo que as que vÃ£o vir sejam melhores.",Negative
"@charlie_I7 @nikolas_dm @formiga_perna Uma aprendiz da Anitta veio me dizer ou Ã© certo ou errado na hora de falar de liberdade de expressÃ£o ğŸ¤¡ğŸ¤¡. 
Meu querido, vai estudar mais um pouco sobre o comunismo na era soviÃ©tica, a alienaÃ§Ã£o das massas, as ditaduras disfarÃ§adas de democracia...Pra gente debater depois.ğŸ‡§ğŸ‡·ğŸ’šğŸ’›",Negative
"Ainda nÃ£o consegui superar esse hit da nossa Anitta brasileira 

https://t.co/ZuLTmVhVao https://t.co/9zCX5nL71W",Positive
Jï¿½Æ’O E ANITTA - PILANTRA,Positive
@eduzinhs E A ANITTA NAO FQZ NADA,Negative
@dakitix obg anitta mds,Positive
"Meu sonho que o foco nessa TL fosse total pra Anitta e em seus lanÃ§amentosâ€¦ tem uns who que Ã© pior que haterâ€¦ depois reclama 

 https://t.co/TCIUmZexNz",Positive
"Oq mais vocÃªs querem? num jÃ¡ tÃ¡ no yt o REMIX vÃ£o lÃ¡ escutar, hÃ¡ querem REMIX de tÃ¡ ok tb vÃ£o lÃ¡ e faÃ§am, acordem pra cuspir a Anitta tem um cronograma todo trabalhado certinho e vcs querendo enfiar remix no kralho do cu do Ã¡lbum da mulher, Ã© cada coisa viu que chegar ser piada",Positive
@limaozinhobr @forumpandlr Essa Ã© a tal mÃºsica? Gente vocÃªs fÃ£s dessa menina e da Anitta tem que se juntar pra repensar o gosto musical de vocÃªs... Gzuiz,Negative
"@JanainaLuna6 @astroolynx Que fofaaaa aaaaa!! Eu tenho 41 anos e jÃ¡ me chamaram de cacura kkkkkk nem ligo, tÃ´ aqui pela Anitta â¤ï¸â¤ï¸â¤ï¸â¤ï¸",Positive
"o quÃ£o lgbt cult br ğŸ‡§ğŸ‡· vocÃª Ã©?

Alcione âŒ
Anitta âŒ
Ludmilla âŒï¸
Claudia Leitte âŒ
Daniela Mercury âŒï¸
Margareth Menezes âŒ
Ivete Sangalo  âŒ
ZÃ©lia Duncan âŒ
Ana Carolina âŒ
IZAâŒ
Pabllo Vittar âŒ
Sandy âŒ
GlÃ³ria Groove âŒ
BethÃ¢nia âŒ
Gal Costa âŒ
Joelma âœ…âœ…âœ…âœ…âœ…âœ…âœ…âœ…âœ…âœ…",Negative
"@Jvfb2023 @tracklist Pq ngm pensa que se ela e a Anitta fizer um single juntas seria um hit do ano, ai ngm reage",Positive
"Em vez de ficar pedindo remix ou de comparar com artista X, era isso que os fÃ£s deviam compartilhar: as ideias da Anitta, os esforÃ§os da Anitta na gravaÃ§Ã£o do albÃºm, o conceito do projeto, informaÃ§Ãµes relevantes e que iriam agregar valor. Vamos focar que ainda dÃ¡ tempo.",Positive
"Tem uma vidente que disse que o Ã¡lbum da Anitta vai fazer muito sucesso... 
Vai preparar o terreno pra vim um Hit global pÃ³s Ãlbum, e em inglÃªs em !  SerÃ¡ um feat , e vai pegar 01global , 
Eu acredito porque ela nunca erra ..",Positive
"@alfonsolacruzz @Anitta FaÃ§o atÃ© mutirÃ£o pro bad bunny vir junto nessa
https://t.co/YwkAWvaW0H",Positive
@Anitta A mas linda,Positive
"Tem algum anitter do Rio de Janeiro aqui que tenha celular com uma cÃ¢mera boa e com disponibilidade sÃ¡bado a partir das 13h pra ajudar a gente em uma aÃ§Ã£o na praia da Barra, posto 2?",Positive
"o quÃ£o lgbt cult br ğŸ‡§ğŸ‡· vocÃª Ã©?

Alcione âœ…ï¸
Anitta âŒ
Ludmilla âŒï¸
Claudia Leitte âŒ
Daniela Mercury âŒï¸
Margareth Menezes âŒ
Ivete Sangalo  âœ…
ZÃ©lia Duncan âœ…
Ana Carolina âœ…ï¸
IZAâŒ
Pabllo Vittar âœ…
Sandy âŒ
GlÃ³ria Groove âŒ
BethÃ¢nia âœ…ï¸
Gal Costa âœ…ï¸
Joelma âœ…âœ…âœ…âœ…âœ…âœ…",Negative
"@lipwtter @victorxdrop @sweetenerp4tt meio que fodasse ne nega, imagina um funk #1 nÃ£o sendo da anitta, eu me mato",Positive
@tracklist E a Anitta nÃ£o faz nada,Negative
@choquei Ea Anitta ainda segue nÃ£o sendo artista https://t.co/qk8cHuUeSx,Negative
"Vcs acham msm que a Anitta vai tÃ¡ nesse remix? Pra mim nem fede nem cheira, sou fÃ£ dela, nem que ela virasse uma Pablo flop da vida eu ainda ia amar ela, NN sou fÃ£ de Chart sou fÃ£ dela, e vou tÃ¡ ansioso esperando os prÃ³ximos lanÃ§amentos... https://t.co/puUEE8FvNZ",Positive
"@choquei imemoravel, jamais sera lembrada como anitta",Positive
@choquei cho avisa que a anitta nÃ£o Ã© artista,Negative
"A Anitta segue sendo orgulho nacional, jÃ¡ o Neymar nÃ£o podemos dizer o mesmo https://t.co/Stsf6mdVtF",Positive
eu to igual aquele video da Anitta falando EU VOU FALAR QUE TO FELIZ SIM CADA ESQUINA QUE EU VIRO Ã‰ UM MOTIVO PRA EU FICAR FELIZ,Positive
Pra mim esses â€œfÃ£sâ€ se importam mais com charts e nÃºmeros do que com a felicidade e realizaÃ§Ã£o da prÃ³pria Anitta. https://t.co/AXamGQGtPk,Positive
@forumpandlr A Anitta Ã© sonsa demais @jouse_me nunca tinha citado a Xuxa antes kkkkkk adora se gabar que Ã© a primeira brasileira e tals kkkkkk,Negative
@bosssdude e a anitta faz tudo,Positive
@coelhosoty Como assim Anitta foi pra Porto Rico desmerecer o coelho?,Negative
Deus desculpa mas eu amo a anitta,Positive
os bobos estÃ£o falando mal da anitta os espertos jÃ¡ estÃ£o anunciando aulas de brazilian alley blowjob para estrangeiros,Positive
@comentandorss @forumpandlr ai tu foi bem longe kkkkk sÃ³ o que tem Ã© declaraÃ§Ã£o da Xuxa pra Anitta. A mais recente inclusive foi apÃ³s o Grammy Latino que Anitta homenageou a Xuxa,Positive
Eu indo pro show da Anitta,Positive
@AnittaCrave @JioSaavn @Anitta Vai emocionar crave,Positive
@firstbraziliann Barulho do peido sonoro que Anitta lanÃ§a,Negative
"Cheio de anitters na TL se incomodando pq tÃ£o pedindo remix de Quitate la ropa e agora TÃ¡ Ok, gente vÃ£o dormir que amanhÃ£ Ã© outro dia, e parem de ser desesperados por like, Ainda tem muitos lanÃ§amentos babadeiros da MAMIS vulgo Anitta por vir. FUNK RAVE foi sÃ³ um aperitivo...bjs https://t.co/3e89rT6dXM",Positive
Muita palhaÃ§ada fazer o Remix de Ta ok e nÃ£o colocar a Anitta junto,Positive
"Sinceramente?? 
Todas as mÃºsicas da Anitta em Espanhol parecem ter a mesma batida e parecem ser a mesma mÃºsica.",Negative
"quÃ£o lgbt cult br ğŸ‡§ğŸ‡· vocÃª Ã©? 

Alcione Marron âœ… 
Anitta âŒ
Ludmilla âœ…
Claudia Leitte âœ…
Daniela Mercury âœ…
Margareth Menezes âœ…
Ivete Sangalo  âœ…
ZÃ©lia Duncan âœ…
Ana Carolina âœ…
IZA âœ…
Pabllo Vittar âŒ
Sandy âœ…
GlÃ³ria Groove âŒ
BethÃ¢nia âœ…
Gal Costa âœ…
Joelma âŒï¸",Negative
"Um beijo da Anitta ğŸ˜˜
https://t.co/WdFimKv9J9",Positive
"o quÃ£o lgbt cult br ğŸ‡§ğŸ‡· vocÃª Ã©?

Alcione âœ… 
Anitta ğŸš«
Ludmilla âœ…
Claudia Leitte ğŸš«
Daniela Mercury âœ…
Margareth Menezes âœ…
Ivete Sangalo  âœ…
ZÃ©lia Duncan âœ…
Ana Carolina âœ…
IZA âœ…
Pabllo Vittar âœ…
Sandy âœ…
GlÃ³ria Grooveâœ…
BethÃ¢nia âœ…
Gal Costa âœ…
Joelma âœ…
Wanessa Camargoâœ…",Negative
"opiniÃ£o impopular: anitta prestava na Ã©poca que cantava ""eu vou ficar"", depois foi ficando sem graÃ§a e as mÃºsicas chatas",Negative
"Seu gosto musical em 4 mulheres:
Luiza Sonza
Anitta
Pablo Vittar
Juliette",Positive
pior raÃ§a eh fÃ£ da anitta taylor e blackpink ao mesmo tempo como pode uma pessoa ser tao azarada na vida https://t.co/1V9M23PsOd,Negative
essa serie da anitta tem um ar de zorra total  amo mt,Positive
"@eduaart @Anitta @QGdaAnitta @AcessoAnittaR @ConexaoAnitta Quem Ã© essa caveira no roxo? Amei os dedos, a mÃ£o ğŸ˜",Positive
"@larosanittaa @AnittaCrave @JioSaavn @Anitta Eles tÃ£o certo investi na Ãndia, amor o paÃ­s tem 1,4B de pessoas cada pessoa ouvindo Anitta vai ajudar muito",Positive
Se dÃ¡ essa mÃºsica pra Anitta ela quebra essa internet novamente,Positive
o palco 360Â° da festa dos visitantes me lembrou os ensaios da anitta seria perfeito bicho ğŸ˜­,Positive
"@j_bufalo @choquei AÃ­ tÃ¡ faltando letra K nesse ""KKKKKKK"", viu? Mas se vocÃª curte a Anitta, divirta-se com o Ã¡lbum! ğŸ’â€â™€ï¸ğŸ¶",Positive
@girIfromhonorio Se fechar o Twitter... a anitta tÃ¡ em #1 pra gente https://t.co/xDRzrP3bu0,Positive
@rede_marco @Anitta @LulaOficial Dois nojo,Negative
@EJR_Sousa @bchartsnet Vey nÃ£o tem nem comparaÃ§Ã£o com a outras sou muito fÃ£ da Camila cabello mais a Shakira e outro patamar e muitos anos de carreira e a mulher continua sempre em evidÃªncia pra mim as maiores e Shakira Karol g e Camila cabello e Anitta tambÃ©m,Positive
@siteptbr e a anitta foi vista fazendo o que pt?,Negative
"estar na argentina Ã© pensar frequentemente ""e nÃ£o Ã© q a anitta realmente tem uma carreira internacional?""",Positive
"@welitonsou n aguento mais ver a anitta fracassar, sem twitter n vou ver mais nada https://t.co/7Aal8eWbTI",Negative
@boyfromvenuss99 @burntalla a anitta tbm recebia ate comeÃ§ar a se achar xerecuda e ela msm esqueceu do prÃ³prio pais natal como se ela so n estivesse onde esta por conta do brasil,Negative
@vittardix @alfonsolacruzz @Anitta vai da o c* gay,Negative
@tenokez @Wecsleyjr Amg hater da anitta nÃ£o tem argumentos nÃ£o kkkk,Positive
vcs nÃ£o tem noÃ§Ã£o o quanto espero esse feat entre anitta e karol gâ€¦. deixem eu viver meu LUTO,Positive
"fiquei obcecada pelo Ã³culos que a anitta usou nas fÃ©rias dela e nÃ£o sosseguei enquanto nao fucei o aliexpress de cabo a rabo E EU ACHEI

e vim aqui dividir meu link com esta rede tao querida:
https://t.co/H3Mc5Od75r https://t.co/9A6NVdUsHP",Positive
a rafa militÃ£o Ã© a anitta no mundinho dos djs locais nÃ©? ninguÃ©m acima dela,Positive
@tracklist Jamais serÃ¡ Anitta,Positive
"Anitta Ã© capa da playlist ""Latest Latin"" da JioSaavn.

â€” EstÃ¡ Ã© uma das maiores plataformas da Ãndia. ğŸ‡®ğŸ‡³ https://t.co/tg2qC6FCc3",Positive
@AnittaCrave @JioSaavn @Anitta Meu sonho ela ficar grande em pelo menos um paÃ­s da mesma forma que ela Ã© aqui,Positive
Anitta no reaggaeton Ã© tÃ£o superior https://t.co/AuT36YT9n8,Positive
@anittinhah Pois que enfiem a Anitta nisso,Positive
@clerton_del @AnittaCrave @JioSaavn @Anitta eita q vai hitar horrores entre os indianos,Positive
"@GREGOxb @weesleeyley A, eu tÃ´ assim. Quero algo q agregue na carreira da Anitta daqui por diante, e esse remix Ã© perfeito. NÃ£o com aquele La cruz. 'ai, mas Anitta n tÃ¡ ligando p nÃºmeros' MAS EU TÃ”.",Positive
eu esperava mais da nova coleÃ§Ã£o da shein c a anitta,Negative
@Nordestinabr @QGdaAnitta @Amenemopet @RANGEROX0 @alberthcost SÃ³ entro se a Anitta tiver in kkk,Positive
@AnittaCrave @JioSaavn @Anitta lÃ¡ nÃ£o tem tipo 1B de pessoas? vai hitar amo,Positive
o lugar da anitta Ã© no REGGAETON https://t.co/uOREtHonT3,Positive
@anittinhah anitta tem q entrar,Positive
@boyfromssa NÃ£o aceitei quero um ft dela com a Anitta,Positive
@forumpandlr quando a anitta lanÃ§ar um hit que nem Lua de Cristal e IlariÃª a gente conversa,Negative
Tomara q a Anitta ignore esse povo q tÃ¡ pedindo remix e foque sÃ³ no Ã¡lbum!,Positive
@RenanAllves @forumpandlr Mas a Anitta nÃ£o mentiu https://t.co/JmbEOchkGI,Positive
"@kauscaos nÃ£o, a anitta fez isso primeiro lÃ¡ em 2017 ğŸ˜",Positive
O  Richarlison ao som de Funk Rave de Anitta https://t.co/BLvRrvCo3p,Positive
cada flash Ã© um fracasso da anitta:,Negative
Simplesmente n consigo nÃ£o gostar da Anitta,Positive
"o reputation ali duas vezes, nÃ£o tem como, Ã© e sempre serÃ¡ o maioral
tem atÃ© Anitta, quem diria nÃ©, a mÃºsica Ã© boa https://t.co/GzwT5kEIul",Positive
"@tinfromrio anitta levou primeiro, sÃ³ n levou pros charts ğŸ˜­  https://t.co/DLskbnRWOm",Positive
@lenypiper @alfonsolacruzz @Anitta Ela nasceu pro reggaeton,Positive
@siteptbr jÃ¡ fez mais pela humanidade que a Anitta e o Bolsonaro,Negative
Eu odeio a Anitta kkkkkkkkkkk mais mentirosa que ela sÃ³ os meus amigos homens,Negative
@DieggoAraujjo checkmate e bang pra mim sÃ£o as bÃ­blias da anitta,Positive
"essa musica da anitta kk eh muito ruim mas o clipe ta bem legal as cenas das pessoas, pena q n tem nada a ver com a musica",Negative
"@BoRbALiP @iBlogueirinha kkkkkkkk seria o sonho da anitta nÃ©, atÃ© parece que a blogs ia se rebaixar assim",Negative
Certos â€œfansâ€ deveriam tomar vergonha na cara e pararem de ser tÃ£o escrotos . Anitta passou por tanta coisa durante o processo de criaÃ§Ã£o do Ã¡lbum e vcs aqui gongando o sonho dela e pedindo remix e feats . Pra depois soltarem a mÃ£o como sempre fazemğŸ˜’,Positive
"@diogxwz Acorda! Nem se a anitta pegar todos os ganhadores de aotys, sotys, rotys e bna... ela vai ganhar um grammy https://t.co/RyLL9hcIzn",Negative
Diva â¤ï¸,Positive
@parra_com_isso NÃ£o vou perdoar o fÃ£ clube da Anitta,Negative
@ConexaoAnitta pra mim essa Ã© a melhor mÃºsica dela,Positive
"@funk_rave @Anitta Acredito que nÃ£o terÃ¡ um investimento estrondoso, mas terÃ¡ investimento sim.
Ela jÃ¡ disse que estÃ£o em processo de fechar performance e coisas do tipo, a mÃºsica tem potencial. Top 01 global? Ainda nÃ£o, mas que #FunkRave vai emocionar, eu sei que ainda vai.",Positive
"@popchartpc a Karol sempre pisando na Anitta, mais um hit no spotify global pra fada â™¥ï¸",Negative
karol g e Anitta kd o feat de vcs ? https://t.co/TdRXeFuQUd,Positive
@QGdoPOP Eu queria tanto um feat dela e da Anitta,Positive
"top 5 artistas br no meu lastfm

27 clarice falcao 
35 anitta
43 um44k
50 matue
55 7 minutoz  vou me m",Positive
e nada de feat com Anitta https://t.co/T1eaygGKH5,Positive
@_lov33s avisem pro kevin pra ela meter anitta no meio nem que seja pra back vocal em 'Toma toma toma' https://t.co/H2SEGk6kIg,Positive
@envolxver eu literalmente falando que ela decaiu artisticamente e falando que gostava da anitta do comeÃ§o da carreira KKKKKKKKKKKKKKKKKKKKKKK qual seu ponto amor?,Negative
Anitta fracassada tapete de Ludmilla â€” Sai do fake aespermas https://t.co/wjJpR891cf,Negative
@MayorAnitta @envolxver apois a anitta nÃ£o se escora nem solo e nem com escoro pq os Ãºltimos lanÃ§amentos solos e feat floparam todos,Negative
eu tinha muito hate contra pilantra do jao e da anitta mas Ã© boa rapaz,Positive
@billiecrimes fui derrubada hoje odeio essa merda tudo culpa da anitta,Negative
@poptracks Se tem Anitta tem confusÃ£o incrÃ­vel pop,Negative
@flklorelipa @bankressuscita @alfonsolacruzz @Anitta queremos SIMMMM.,Positive
@anittagolden SÃ³ nÃ£o Ã© mais fake que Naldo mesmo kkkkk,Negative
@tracklist O soco na anitta,Negative
"@mariliaversions @forumpandlr sÃ³ acharia engraÃ§ado a Xuxa desmentir kkk

mas na real, tomara q seja verdade mesmo, pq sou muito fÃ£ tanto da Xuxa quanto da Anitta, ambas maravilhosas",Positive
"@mariliaversions @forumpandlr sÃ³ acharia engraÃ§ado a Xuxa desmentir kkk

mas na real, tomara q seja verdade mesmo, pq sou muito fÃ£ tanto da Xuxa quanto da Anitta, ambas maravilhosas",Positive
eu tinha que ter estudado fui foi aprender a coreo da anitta,Positive
"@EuMarceloCastro @mariliaversions @forumpandlr sÃ³ acharia engraÃ§ado a Xuxa desmentir kkk

mas na real, tomara q seja verdade mesmo, pq sou muito fÃ£ tanto da Xuxa quanto da Anitta, ambas maravilhosas",Positive
"@garota_ilustry @forumpandlr sÃ³ acharia engraÃ§ado a Xuxa desmentir kkk

mas na real, tomara q seja verdade mesmo, pq sou muito fÃ£ tanto da Xuxa quanto da Anitta, ambas maravilhosas",Positive
"@eunitterr @mariliaversions @forumpandlr sÃ³ acharia engraÃ§ado a Xuxa desmentir kkk

mas na real, tomara q seja verdade mesmo, pq sou muito fÃ£ tanto da Xuxa quanto da Anitta, ambas maravilhosas",Positive
"@w1b_samu amg um funk espanhol com grande nomes da AL, seria perfeito pra era que anitta tÃ¡ fazendo, isso sim so agregaria

https://t.co/IAL6WEDPH4",Positive
"@is_hitalo Anitta, Karol e Maluma juntos? Eu morreria de alegria",Positive
@apoisne @Anitta Muito boa essa,Positive
"EntÃ£o Anitters apoiem Funk Rave apoiem a Ã¡lbum totalmente funk Anitta fez esse projeto quando estava passando por um problema de saÃºde gravÃ­ssimo tem importÃ¢ncia sentimental para ela. Apenas quer levar um pedaÃ§o do Brasil para o mundo Ã©  uma missÃ£o, uma vontade dela.",Positive
essa aqui ia ser top 1 global: @alfonsolacruzz  @Anitta  ğŸ’™ğŸ”¥ https://t.co/xsHYbOi0xR,Positive
@saradogoxtoso @Louisnittx Kkkjkkk Anitta tÃ¡ ganhando 140 mil ouvintes por dia porque a mÃºsica tÃ¡ pegando 400mil plays fora do Brasil amor,Positive
"@enzonitter Enzo, era sÃ³ isso. HITAVA atÃ© no inferno. @KevinOChris coloca a Anitta, Karol G e Maluma no remix!",Positive
A pussy da @Anitta Ã© Tudoo!! Avisa que foi hit,Positive
"acho que a Anitta tÃ¡ ficando chata nisso de querer levar o funk pra fora, veja bem, o funk jÃ¡ chegou lÃ¡. Rihanna jÃ¡ usou funk num super bowl e tambÃ©m no desfile, outros artistas internacionais jÃ¡ conhecem o funk.",Negative
"@PAnittaNotice Gnt eles tÃ£o guardando o cheque para os prÃ³ximos singles, a Anitta falou q sÃ³ vai melhorando, entÃ£o o investimento tbm, irei acreditar, pq me convÃ©m, bjs",Positive
"@_geygomess Obrigado EmÃ­lia Anitta jÃ¡ entrou nos charts de toda AL com mÃºsica solo envolver, medicina, veneno, paradinha, indecente",Positive
nunca tinha reparado que a Anitta tÃ¡ mo gata nessa foto,Positive
"o quÃ£o lgbt cult br ğŸ‡§ğŸ‡· vocÃª Ã©?

Alcione âœ…ï¸
Anitta âœ…
Ludmilla âœ…âŒï¸
Claudia Leitte âŒ
Daniela Mercury âŒï¸
Margareth Menezes âŒ
Ivete Sangalo  âŒ
ZÃ©lia Duncan âŒ
Ana Carolina âœ…ï¸
IZAâœ…ï¸
Pabllo Vittar âœ…
Sandy âŒ
GlÃ³ria Groove âœ…ï¸
BethÃ¢nia âœ…ï¸
Gal Costa âŒâœ…ï¸
Joelma âœ…",Positive
"@KevinOChris Queremos a ANITTA, Karol G e Maluma!!!",Positive
"@DieggoAraujjo Eu sei! Mas ela merecia bem mais, a Anitta tem tanta mÃºsica boa",Positive
"Anitta e insuportÃ¡vel ontem encontrei com Ela no aeroporto de Guarulhos, ela estava sentada aguardando um voo e do lado dela de pÃ© um seguranÃ§a eu me aproximei com toda educaÃ§Ã£o para pedir uma foto o seguranÃ§a fala nÃ£o atrapalhe a artista ela tÃ¡ fazendo um boquete agr kk",Negative
@envolxver @ctrlcharlesss o fracasso,Negative
"As circunstÃ¢ncias me fizeram mudar de opiniÃ£o, queremos anitta no remix de Ta Ok com Maluma e Karol G

https://t.co/IAL6WEDPH4",Positive
"tava vendo aki e eu acho engracado a anitta tentando carreira internacional, c musica em espanhol e sexualizar o brasil, o kevin o chris nÃ£o fez nada disso e conseguiu maior estabilidade no top 50 global kkkkkk morro
 https://t.co/sWZdQR6NDa",Negative
"o quÃ£o lgbt cult br ğŸ‡§ğŸ‡· vocÃª Ã©?

Alcione âœ…
Anitta âœ…
Ludmilla âœ…
Claudia Leitte âŒï¸
Daniela Mercury âŒï¸
Margareth Menezes âœ…
Ivete Sangalo  âœ…
ZÃ©lia Duncan âœ…
Ana Carolina âœ…
IZA âœ…
Pabllo Vittar âœ…ï¸
Sandy âœ…
GlÃ³ria Grooveâœ…
BethÃ¢nia âœ…
Gal Costa âŒ
Joelma âŒ

Enfim a sapatÃ£o",Positive
anitta vocÃª tinha um grande mousse pra fazer e falhou,Negative
@intersseira @ultrsom JÃ¡ agradeceu a lexa e anitta por ter dado uma carreira pra lu com essa,Positive
"@KarolGBRA @dennisdj @KevinOChris Eu quero uma colaboraÃ§Ã£o de Karol g com Anitta ..
Quem concorda curte esse comentÃ¡rio https://t.co/8ZYIm1U5QG",Positive
@bchartsnet Preferimos assistir os clipes da anitta,Positive
@MsilvaAD que divulguem! serÃ¡ Ã³timo para o funk e consequentemente p anitta e o album/singles do album,Positive
Anitta revela que gravou clipe com Sam Smith https://t.co/5eUlBaYdeK,Positive
Anitta revela que gravou clipe com Sam Smith https://t.co/vT24IeIvWn,Positive
@Davi_Kis Ã³timo p anitta e o album uai,Positive
@_luanraso queremos a anitta roubando os reggaeton deles pra hitar https://t.co/qFeCuid1I4,Positive
@Dantinhas Esses aÃ­ sim tinham talento a ponto de furar a bolha e serem regravados por mÃºsicos de MPB ao contrÃ¡rio da Anitta que vive de imagem e escÃ¢ndalos,Negative
@AcessoAnittaR @alfonsolacruzz @Anitta isso ta muito bom,Positive
@EaeMarcellus ela salvando oq anitta destruiu com funk rave https://t.co/cGaZOw8r1B,Negative
"@updatecharts inteligÃªncia artificial sem credibilidade alguma, anitta conseguiu expandir sua mÃºsica pro mundo inteiro, ela que devia estar elegida",Positive
"@lipwtter @anittaverse @choquei E a Anitta usa roupas indecentes, faz boquete em pÃºblico e coisas piores",Negative
Hoje Ã© a festa junina do CEI e eu sÃ³ queria ter tido a minha quadrilha maluca pra ir de Anitta ğŸ˜•,Positive
"o quÃ£o lgbt cult br ğŸ‡§ğŸ‡· vocÃª Ã©?

Alcione âœ…
Anitta âœ…
Ludmilla âŒï¸
Claudia Leitte âŒï¸
Daniela Mercury âœ…
Margareth Menezes âœ…
Ivete Sangalo  âœ…
ZÃ©lia Duncan âœ…
Ana Carolina âŒï¸
IZA âœ…
Pabllo Vittar âœ…ï¸
Sandy âœ…
GlÃ³ria GrooveâŒï¸
BethÃ¢nia âœ…
Gal Costa âœ…
Joelma âœ…",Positive
"@tododiaanitters veja bem adm sÃ³ Ã© possÃ­vel hoje alguÃ©m ouvir funk pq a anitta criou esse genero, sem ela nÃ£o existiria funk",Positive
@gabrielabfz Espera deitada tonhona a  xuxa Ã© amiga da Anitta sim.,Positive
"o quÃ£o lgbt cult br ğŸ‡§ğŸ‡· vocÃª Ã©?

Alcione âœ…ï¸
Anitta âœ…ï¸
Ludmilla âœ…
Claudia Leitte âŒï¸
Daniela Mercury âŒï¸âœ…ï¸
Margareth Menezes âœ…
Ivete Sangalo  âœ…
ZÃ©lia Duncan âœ…
Ana Carolina âœ…
IZA âœ…
Pabllo Vittar âœ…ï¸
Sandy âŒ
GlÃ³ria Grooveâœ…ï¸
BethÃ¢nia âœ…ï¸
Gal Costa âœ…
Joelma âŒ",Positive
"o quÃ£o lgbt cult br ğŸ‡§ğŸ‡· vocÃª Ã©?

Alcione âœ…
Anitta âœ…
Ludmilla âœ…
Claudia Leitte âŒ
Daniela Mercury âŒï¸
Margareth Menezes âŒ
Ivete Sangalo  âœ…
ZÃ©lia Duncan âŒ
Ana Carolina âœ…âŒ
IZAâœ…
Pabllo Vittar âœ…
Sandy âœ…
GlÃ³ria Grooveâœ…
BethÃ¢nia âŒ
Gal Costa âŒ
Joelma âŒï¸",Positive
@pallomatamirys @Anitta Ameiiii,Positive
E a carreira internacional da anitta? â€” Carreira? Que carreira? https://t.co/vaqzYiKe9A,Negative
@lenypiper @alfonsolacruzz @Anitta Ficou massa! ğŸ”¥,Positive
"@PopOnze @dennisdj @KevinOChris Preferimos a anitta
https://t.co/WjnNVbz3M8",Positive
"o quÃ£o lgbt cult br ğŸ‡§ğŸ‡· vocÃª Ã©?

Alcione âœ…
Anitta âœ…
Ludmilla âœ…
Claudia Leitte âŒ
Daniela Mercury âŒï¸
Margareth Menezes âŒ
Ivete Sangalo  âœ…
ZÃ©lia Duncan âŒ
Ana Carolina âœ…
IZAâœ…
Pabllo Vittar âŒ
Sandy âŒ
GlÃ³ria Grooveâœ…
Maria Rita âœ…
BethÃ¢nia âœ…
Gal Costa âœ…
Joelma âŒ",Positive
enquanto isso a anitta com mais ouvintes mensais que a sua fav https://t.co/3h5S1hnREQ,Positive
"@sofr_ito Lisho por gastar de Anitta, falo mesmo",Negative
nÃ£o sabe como tratar um macho? escuta as antiga da anitta ğŸ«¶ğŸ»,Positive
@enzocamwrgo Os fcs da taylor e da anitta sao os piores so tem louco surtado,Negative
tÃ¡ triste por macho? escuta as mÃºsica antiga da anitta,Positive
"@S2tavio anitta fazendo revoluÃ§Ã£o no funk 
https://t.co/KMAruas8KP",Positive
@alfonsolacruzz @Anitta Eu queroooooo!,Positive
@arezinhoo Que hypq que a anitta tem??,Negative
"o quÃ£o lgbt cult br ğŸ‡§ğŸ‡· vocÃª Ã©?

Alcione âŒ
Anitta âœ…
Ludmilla âœ…
Claudia Leitte âŒ
Daniela Mercury âŒï¸
Margareth Menezes âŒ
Ivete Sangalo  âœ…
ZÃ©lia Duncan âŒ
Ana Carolina âŒ
IZAâœ…
Pabllo Vittar âœ…
Sandy âœ…
GlÃ³ria Grooveâœ…
BethÃ¢nia âŒ
Gal Costa âŒ
Joelmaâœ…",Positive
@DailyChartBR LanÃ§a um funk com ela @Anitta,Positive
tÃ´ viciada nas mÃºsica de 2013 da anitta,Positive
amo as antigas da anitta,Positive
"@Anitta TÃ£o triste, os gringos olham para isso e acham que isso Ã© mÃºsica Brasileira",Negative
sÃ³ tocou anitta no treino hoje eu atÃ© quase consegui terminar tudo,Positive
"o quÃ£o lgbt cult br ğŸ‡§ğŸ‡· vocÃª Ã©?

Alcione âœ…
Anitta âœ…
Ludmilla ğŸ¤®ğŸ¤®ğŸ¤®ğŸ¤®ğŸ¤®
Claudia Leitte âœ…
Daniela Mercury âŒï¸
Margareth Menezes âœ…
Ivete Sangalo  âœ…
ZÃ©lia Duncan âŒï¸
Ana Carolina âŒï¸
IZA âœ…
Pabllo Vittar âœ…ï¸
Sandy âŒ
GlÃ³ria Grooveâœ…
BethÃ¢nia âœ…
Gal Costa âœ…
Joelma âŒ",Positive
"o quÃ£o lgbt cult br ğŸ‡§ğŸ‡· vocÃª Ã©? 

Alcione âŒï¸
Anitta âœ…
Ludmilla âœ…
Claudia Leitte âœ…
Daniela Mercury âœ…
Margareth Menezes âŒï¸
Ivete Sangalo  âœ…
ZÃ©lia Duncan âŒï¸
Ana Carolina âŒï¸
IZA âœ…
Pabllo Vittar âœ…ï¸
Sandy âœ…
GlÃ³ria Groove âœ…
BethÃ¢nia âœ…
Gal Costa âŒï¸
Joelma âŒï¸",Positive
"o quÃ£o lgbt cult br ğŸ‡§ğŸ‡· vocÃª Ã©?

Alcione âŒï¸
Anitta âŒ
Ludmilla âœ…
Claudia Leitte âŒï¸
Daniela Mercury âŒï¸
Margareth Menezes âŒ
Ivete Sangalo  âœ…
ZÃ©lia Duncan âŒï¸
Ana Carolina âœ…
IZA âœ…
Pabllo Vittar âŒ
Sandy âŒ
GlÃ³ria GrooveâŒï¸
BethÃ¢nia âŒï¸
Gal Costa âœ…
Joelma âŒ",Negative
"@szasession @DailyChartBR no dia que ela fizer o que a anitta jÃ¡ fez, vocÃª me responde essa. have a good night! https://t.co/ZkmjNRYwSg",Positive
@alfonsolacruzz @Anitta queremos sim!!!!,Positive
